{
  "content/blog/_index.md": 1775209564.6600945,
  "content/blog/adding-oauth-mcp-server-gotchas.md": 1775945192.344516,
  "content/blog/ai-environment-design.md": 1775945192.3455162,
  "content/blog/automated-circuit-discovery.md": 1775945192.3455162,
  "content/blog/direct-divine-access.md": 1775945192.347516,
  "content/blog/gemma3-sae-measurement-timing.md": 1775945192.3495162,
  "content/blog/llm-sleep-memory.md": 1775945192.3505163,
  "content/blog/mcp-context-window-fix.md": 1775945192.3515162,
  "content/blog/memory-metrics-lying-how-to-ground-them.md": 1775945192.3525164,
  "content/blog/shipping-a2a-protocol-support-in-rust.md": 1775945192.3535163,
  "content/blog/stop-putting-ai-in-your-apps.md": 1775945192.3545165,
  "content/blog/why-ai-agents-need-sleep.md": 1775945192.3555164,
  "content/blog/adding-oauth-mcp-server-gotchas.de.md": 1776026715.2690358,
  "content/blog/adding-oauth-mcp-server-gotchas.es.md": 1776026715.2690358,
  "content/blog/ai-environment-design.de.md": 1776026715.2690358,
  "content/blog/ai-environment-design.es.md": 1776026715.2690358,
  "content/blog/automated-circuit-discovery.de.md": 1776026715.2690358,
  "content/blog/automated-circuit-discovery.es.md": 1776026715.2690358,
  "content/blog/direct-divine-access.de.md": 1776026715.2690358,
  "content/blog/direct-divine-access.es.md": 1776026715.2690358,
  "content/blog/frontend-ai-agents-streaming-ui.md": 1776026715.2690358,
  "content/blog/gemma3-sae-measurement-timing.de.md": 1776026715.2690358,
  "content/blog/gemma3-sae-measurement-timing.es.md": 1776026715.2690358,
  "content/blog/llm-sleep-memory.de.md": 1776026715.2690358,
  "content/blog/llm-sleep-memory.es.md": 1776026715.2690358,
  "content/blog/mcp-context-window-fix.de.md": 1776026715.270036,
  "content/blog/mcp-context-window-fix.es.md": 1776026715.270036,
  "content/blog/memory-metrics-lying-how-to-ground-them.de.md": 1776026715.270036,
  "content/blog/memory-metrics-lying-how-to-ground-them.es.md": 1776026715.270036,
  "content/blog/patanjali-harness-spec.de.md": 1776026715.270036,
  "content/blog/shipping-a2a-protocol-support-in-rust.de.md": 1776026715.270036,
  "content/blog/shipping-a2a-protocol-support-in-rust.es.md": 1776026715.270036,
  "content/blog/stop-putting-ai-in-your-apps.de.md": 1776026715.270036,
  "content/blog/stop-putting-ai-in-your-apps.es.md": 1776026715.270036,
  "content/blog/svapna-sushupti.es.md": 1776026715.270036,
  "content/blog/why-ai-agents-need-sleep.de.md": 1776026715.270036,
  "content/blog/why-ai-agents-need-sleep.es.md": 1776026715.270036,
  "content/blog/frontend-ai-agents-streaming-ui.de.md": 1776609060.940777,
  "content/blog/frontend-ai-agents-streaming-ui.es.md": 1776609060.940777,
  "content/blog/push-pull-context.md": 1776609060.941315,
  "content/blog/patanjali-harness-spec.md": 1775945192.3525164,
  "content/blog/svapna-sushupti.md": 1775945192.3555164,
  "content/blog/patanjali-harness-spec.es.md": 1776026715.270036,
  "content/blog/svapna-sushupti.de.md": 1776026715.270036
}