{
  "cmd/translate/main.go": 1775881881.8753927,
  "cmd/translate/main_test.go": 1775881881.8753927,
  "cmd/generate-og-images/main.go": 1775507280.2775183,
  "cmd/generate-og-images/main_test.go": 1775881881.8753927,
  "cmd/check-links/main.go": 1775881881.8753927,
  "cmd/check-links/main_test.go": 1775881881.8753927,
  "README.md": 1775232675.7217684,
  "CLAUDE.md": 1775898126.2777412,
  "archetypes/default.md": 1775209564.659885,
  "content/blog/_index.de.md": 1775209564.6600745,
  "content/blog/_index.es.md": 1775209564.6600945,
  "content/blog/_index.md": 1775209564.6600945,
  "content/blog/stop-putting-ai-in-your-apps.de.md": 1775881881.8764417,
  "content/blog/stop-putting-ai-in-your-apps.es.md": 1775881881.8764417,
  "content/blog/why-ai-agents-need-sleep.de.md": 1775881881.8764417,
  "content/blog/why-ai-agents-need-sleep.es.md": 1775881881.8764417,
  "content/blog/direct-divine-access.md": 1775885122.5047905,
  "content/blog/direct-divine-access.de.md": 1775898055.1838498,
  "content/blog/direct-divine-access.es.md": 1775898055.1838498,
  "content/blog/mcp-context-window-fix.de.md": 1775898055.1838498,
  "content/blog/mcp-context-window-fix.es.md": 1775898055.1838498,
  "content/blog/adding-oauth-mcp-server-gotchas.de.md": 1775898103.4988148,
  "content/blog/adding-oauth-mcp-server-gotchas.es.md": 1775898103.5038152,
  "content/blog/ai-environment-design.de.md": 1775898103.5128155,
  "content/blog/ai-environment-design.es.md": 1775898103.5168157,
  "content/blog/gemma3-sae-measurement-timing.de.md": 1775898103.527816,
  "content/blog/gemma3-sae-measurement-timing.es.md": 1775898103.5318162,
  "content/blog/llm-sleep-memory.de.md": 1775898103.5428166,
  "content/blog/llm-sleep-memory.es.md": 1775898103.5468168,
  "content/blog/memory-metrics-lying-how-to-ground-them.de.md": 1775898103.5598173,
  "content/blog/memory-metrics-lying-how-to-ground-them.es.md": 1775898103.5638175,
  "content/blog/patanjali-harness-spec.de.md": 1775898103.5718179,
  "content/blog/patanjali-harness-spec.es.md": 1775898103.575818,
  "content/blog/shipping-a2a-protocol-support-in-rust.de.md": 1775898103.5838182,
  "content/blog/shipping-a2a-protocol-support-in-rust.es.md": 1775898103.5878184,
  "content/blog/svapna-sushupti.de.md": 1775898103.5978189,
  "content/blog/svapna-sushupti.es.md": 1775898103.601819,
  "content/blog/adding-oauth-mcp-server-gotchas.md": 1775898113.453136,
  "content/blog/llm-sleep-memory.md": 1775898113.4655004,
  "content/blog/memory-metrics-lying-how-to-ground-them.md": 1775898113.4710374,
  "content/blog/shipping-a2a-protocol-support-in-rust.md": 1775898113.4769228,
  "content/blog/stop-putting-ai-in-your-apps.md": 1775898154.1258738,
  "content/blog/mcp-context-window-fix.md": 1775898169.7785106,
  "content/blog/gemma3-sae-measurement-timing.md": 1775898182.8040402,
  "content/blog/ai-environment-design.md": 1775898198.8576932,
  "content/blog/automated-circuit-discovery.md": 1775898213.799301,
  "content/blog/why-ai-agents-need-sleep.md": 1775898226.5098178,
  "content/series/_index.md": 1775881881.8764417,
  "content/series/building-agents-that-sleep/_index.md": 1775881881.8777354,
  "content/series/field-notes/_index.md": 1775881881.8777354,
  "styles/config/vocabularies/Blog/accept.txt": 1775883372.540834,
  "themes/vasudev/layouts/_default/home.llmstxtfull.txt": 1775507280.2842946,
  "themes/vasudev/layouts/_default/single.txtplain.txt": 1775507280.2842946,
  "themes/vasudev/layouts/_default/home.llmstxt.txt": 1775881881.8934424,
  "public/llms.txt": 1775898634.0914087,
  "public/llms-full.txt": 1775898634.092409,
  "public/blog/stop-putting-ai-in-your-apps/index.txt": 1775898634.0984092,
  "public/blog/memory-metrics-lying-how-to-ground-them/index.txt": 1775898634.0984092,
  "public/blog/why-ai-agents-need-sleep/index.txt": 1775898634.097409,
  "public/blog/shipping-a2a-protocol-support-in-rust/index.txt": 1775898634.0984092,
  "public/blog/adding-oauth-mcp-server-gotchas/index.txt": 1775898634.097409,
  "public/blog/ai-environment-design/index.txt": 1775898634.097409,
  "public/blog/direct-divine-access/index.txt": 1775898634.0984092,
  "public/blog/automated-circuit-discovery/index.txt": 1775898634.097409,
  "public/blog/gemma3-sae-measurement-timing/index.txt": 1775898634.0984092,
  "public/blog/llm-sleep-memory/index.txt": 1775898634.097409,
  "public/blog/mcp-context-window-fix/index.txt": 1775898634.0984092,
  "public/de/llms.txt": 1775898634.12241,
  "public/de/llms-full.txt": 1775898634.12241,
  "public/de/blog/stop-putting-ai-in-your-apps/index.txt": 1775898634.1284103,
  "public/de/blog/memory-metrics-lying-how-to-ground-them/index.txt": 1775898634.1284103,
  "public/de/blog/why-ai-agents-need-sleep/index.txt": 1775898634.1284103,
  "public/de/blog/adding-oauth-mcp-server-gotchas/index.txt": 1775898634.1284103,
  "public/de/blog/shipping-a2a-protocol-support-in-rust/index.txt": 1775898634.1284103,
  "public/de/blog/patanjali-harness-spec/index.txt": 1775898634.1284103,
  "public/de/blog/ai-environment-design/index.txt": 1775898634.1284103,
  "public/de/blog/svapna-sushupti/index.txt": 1775898634.1284103,
  "public/de/blog/mcp-context-window-fix/index.txt": 1775898634.1284103,
  "public/de/blog/llm-sleep-memory/index.txt": 1775898634.1284103,
  "public/de/blog/gemma3-sae-measurement-timing/index.txt": 1775898634.1284103,
  "public/de/blog/direct-divine-access/index.txt": 1775898634.1284103,
  "public/es/llms.txt": 1775898634.145411,
  "public/es/llms-full.txt": 1775898634.145411,
  "public/es/blog/memory-metrics-lying-how-to-ground-them/index.txt": 1775898634.1494112,
  "public/es/blog/stop-putting-ai-in-your-apps/index.txt": 1775898634.1494112,
  "public/es/blog/why-ai-agents-need-sleep/index.txt": 1775898634.1494112,
  "public/es/blog/adding-oauth-mcp-server-gotchas/index.txt": 1775898634.1494112,
  "public/es/blog/shipping-a2a-protocol-support-in-rust/index.txt": 1775898634.1494112,
  "public/es/blog/patanjali-harness-spec/index.txt": 1775898634.1494112,
  "public/es/blog/svapna-sushupti/index.txt": 1775898634.1494112,
  "public/es/blog/ai-environment-design/index.txt": 1775898634.1494112,
  "public/es/blog/mcp-context-window-fix/index.txt": 1775898634.1494112,
  "public/es/blog/llm-sleep-memory/index.txt": 1775898634.1494112,
  "public/es/blog/gemma3-sae-measurement-timing/index.txt": 1775898634.1494112,
  "public/es/blog/direct-divine-access/index.txt": 1775898634.1494112,
  "data/allowed-tags.txt": 1775885139.3486562,
  "content/blog/patanjali-harness-spec.md": 1775898113.4740477,
  "content/blog/svapna-sushupti.md": 1775898113.4826045,
  "public/blog/patanjali-harness-spec/index.txt": 1775898634.097409,
  "public/blog/svapna-sushupti/index.txt": 1775898634.097409,
  "static/images/ai-architecture.png": 1775209564.6607804,
  "static/images/ai-architecture.svg": 1775209564.660917,
  "static/images/dream-engine.png": 1775209564.660917,
  "static/images/dream-engine.svg": 1775209564.660917,
  "static/images/adding-oauth-mcp-server-gotchas-og.png": 1775898055.1888502,
  "static/images/ai-environment-design-og.png": 1775898055.1918502,
  "static/images/automated-circuit-discovery-og.png": 1775898055.1928504,
  "static/images/gemma3-sae-measurement-timing-og.png": 1775898055.1948502,
  "static/images/llm-sleep-memory-og.png": 1775898055.1958504,
  "static/images/mcp-context-window-fix-og.png": 1775898055.1968503,
  "static/images/memory-metrics-lying-how-to-ground-them-og.png": 1775898055.1978505,
  "static/images/patanjali-harness-spec-og.png": 1775898055.1988504,
  "static/images/shipping-a2a-protocol-support-in-rust-og.png": 1775898055.1988504,
  "static/images/svapna-sushupti-og.png": 1775898055.2008505,
  "static/images/context-window-cost-inline.svg": 1775898137.111182,
  "static/images/dream-pipeline-inline.svg": 1775898137.111182,
  "static/images/evolution-loop-inline.svg": 1775898137.112182,
  "static/images/mcp-architecture-inline.svg": 1775898137.112182,